DoctorID,FirstName,LastName,Specialty,ContactNumber
1,William,Martin,General Practice,032-421-7605
2,William,Cannon,Neurology,270-337-7141
3,Steven,Young,Neurology,293-705-0138
4,Wayne,Crane,Neurology,630-661-8514
5,Jon,Shelton,Neurology,416-174-4187
6,Gina,Coleman,Internal Medicine,764-440-2435
7,Victoria,Robles,General Practice,120-879-7363
8,Sabrina,Day,Cardiology,174-889-1866
9,Andrea,Weaver,Neurology,313-154-7032
10,Jonathan,Dominguez,Neurology,929-786-1227
11,Robert,Brown,Psychiatry,655-003-9972
12,Rose,Wright,Psychiatry,341-399-8325
13,Lacey,Ortega,General Practice,350-775-4833
14,Alicia,Wood,Psychiatry,849-577-9423
15,Karen,Williams,General Practice,043-785-2873
16,Melissa,Browning,General Practice,496-628-1527
17,Sheila,Garcia,Psychiatry,249-490-7809
18,Patricia,Kramer,Internal Medicine,299-439-0478
19,April,Robinson,Internal Medicine,364-686-7524
20,Jeffrey,Mcbride,Neurology,497-818-3965
21,Joshua,Wilson,Cardiology,000-088-0775
22,Ryan,King,Internal Medicine,779-085-8565
23,Jerry,Ellis,Neurology,102-841-7271
24,Brittany,Sherman,General Practice,501-953-3939
25,Melissa,Johnson,Cardiology,719-329-3856
