PatientID,FirstName,LastName,Email
1,Amy,Allen,randylowe@example.net
2,Richard,Ramos,xolsen@example.org
3,Rebecca,Morrison,kristenpatrick@example.org
4,Megan,Taylor,katherine77@example.org
5,Kathy,Walker,jennifer60@example.com
6,Adam,Mcgee,harrisonsandra@example.org
7,Juan,Johnson,marcus63@example.org
8,Jonathan,Torres,bnoble@example.org
9,Mary,Sparks,eharris@example.net
10,Erika,Hall,amandablake@example.com
11,Lisa,Reyes,rfuller@example.org
12,David,Bell,fsmith@example.net
13,Kimberly,Gonzalez,emilyclark@example.com
14,Jason,Nunez,zhill@example.org
15,Walter,Wilson,adam45@example.com
16,John,Webb,timothy46@example.net
17,Lauren,Rhodes,william72@example.org
18,Ian,Martinez,rsullivan@example.com
19,Charles,Rowland,sfranklin@example.net
20,John,Black,ronald35@example.org
21,Jay,Gonzalez,duffyrichard@example.net
22,Bryan,Stone,cantutracy@example.org
23,Virginia,Johnson,david61@example.net
24,James,Lopez,kingnicole@example.org
25,Mark,Garrett,andersoncarolyn@example.net
26,Samantha,Foster,ngarrison@example.com
27,Douglas,Peters,matthew91@example.com
28,Kenneth,Winters,qhernandez@example.net
29,Lori,Yoder,tiffanywallace@example.org
30,Eric,Watkins,hillrachel@example.net
31,Gregory,Kramer,elizabeth32@example.net
32,Lawrence,Rodriguez,lanedean@example.com
33,Omar,Riley,mcconnelljuan@example.net
34,Cameron,Jones,robert58@example.org
35,Nichole,Cohen,lisaelliott@example.net
36,Micheal,Cochran,andrewvazquez@example.net
37,James,Mcknight,rtaylor@example.net
38,Paige,Hardy,langyvonne@example.net
39,Derrick,Clark,mnichols@example.org
40,Anthony,Coleman,xbrooks@example.net
41,Margaret,Guerrero,melissakennedy@example.com
42,Cheryl,Allen,matthew09@example.org
43,Wanda,Dyer,tylerstafford@example.net
44,Ruth,Allen,maryduran@example.org
45,James,Murphy,rossandrea@example.net
46,Phillip,Sharp,ycasey@example.com
47,Heather,Hill,jamesandre@example.net
48,Patricia,Hess,gmoore@example.com
49,Mark,Anderson,cartertaylor@example.com
50,Lindsay,Martin,ellisrachel@example.net
51,Ryan,Peterson,cynthia21@example.net
52,Cindy,Daniels,jadevaughn@example.com
53,Ariel,Sanchez,janice30@example.net
54,Shawn,Sanders,nicolebaxter@example.org
55,Carly,Gonzales,jeremy57@example.net
56,James,Bishop,simpsoneric@example.net
57,Kevin,Graham,efranklin@example.org
58,James,Nunez,cassandra92@example.net
59,Michael,Bruce,james14@example.com
60,Beverly,Farley,alyssatrujillo@example.com
61,Diane,Barton,awright@example.net
62,Rhonda,Sims,rosalesmegan@example.net
63,Kayla,Mora,henry41@example.com
64,Christopher,Clark,sarahramos@example.net
65,Lindsay,Thomas,skinnerbrent@example.net
66,Anthony,Buckley,hermandonald@example.org
67,Amanda,Johnson,steeleluis@example.net
68,Jacqueline,Diaz,lisaconrad@example.com
69,Aaron,Guzman,jonathonroberts@example.net
70,Annette,Becker,mckenziemiller@example.com
71,Holly,Martinez,gmontoya@example.com
72,Alexis,Garcia,ramirezjamie@example.org
73,Autumn,Meza,lisamassey@example.net
74,Michael,Jones,brianjohnston@example.net
75,Elizabeth,Norman,hartmanrobert@example.org
76,Sandy,Bryan,michellelee@example.net
77,Darin,Yates,ilarson@example.org
78,Sean,Davidson,andrewbeck@example.org
79,Curtis,Ryan,dbeck@example.net
80,Evelyn,Burns,lpowell@example.net
81,Gina,Butler,thernandez@example.net
82,Joseph,Carter,ktate@example.org
83,Michelle,Schmidt,ksmith@example.com
84,Matthew,Potter,donna17@example.org
85,Derek,Robles,nancyobrien@example.org
86,Anne,Castro,crystaldavis@example.com
87,William,Craig,krystal15@example.com
88,Roger,Johnson,jessicasalazar@example.com
89,Shelia,White,katelyn11@example.com
90,Claudia,Bell,blambert@example.com
91,Carl,Stevens,jennifer82@example.net
92,Mary,Lin,jillian13@example.org
93,Brian,White,anthonycardenas@example.org
94,Stephen,Moore,agonzales@example.com
95,Bradley,Marshall,matthew55@example.org
96,Jessica,Meyer,lukemack@example.net
97,Mary,Russell,troyadams@example.org
98,James,Wheeler,sarahmcintosh@example.net
99,Jonathan,Morris,kara16@example.net
100,Jacob,Liu,brandon17@example.org
101,Donald,Gonzales,julie57@example.org
102,Gary,Lewis,paul64@example.net
103,John,Sanchez,robertadams@example.com
104,Christine,Stein,wilsoncathy@example.net
105,George,Carson,todd23@example.net
106,John,Aguirre,gutierreztravis@example.net
107,Pamela,Martin,deannajohnson@example.net
108,Debra,Griffin,emelendez@example.org
109,Katrina,Anderson,kaitlynmoran@example.com
110,Erika,Carter,paula95@example.com
111,Devin,Mckee,yhale@example.com
112,Justin,Hampton,dshannon@example.net
113,Veronica,Cohen,taylorsara@example.net
114,Michael,Olsen,jamie08@example.net
115,Jason,Morales,catherine57@example.net
116,Megan,Banks,douglascarrillo@example.com
117,Nicole,Huffman,vcase@example.com
118,Angelica,Hood,creed@example.com
119,Trevor,Bradshaw,elaine56@example.org
120,Jeanette,Jacobs,wrightpatricia@example.org
121,Karla,Ortega,ambergarcia@example.net
122,Shane,Orr,perezryan@example.org
123,Katherine,Todd,swansonchristina@example.com
124,Juan,Strickland,cohenleah@example.com
125,Joel,Douglas,proctortracy@example.com
126,Amanda,Avery,haleygarner@example.net
127,Miguel,Torres,derek88@example.org
128,Lisa,Rodriguez,sydney29@example.com
129,Leah,Obrien,hlee@example.org
130,Daniel,Smith,sally38@example.net
131,Penny,Brown,ayersbeth@example.net
132,William,Ashley,rodneyjohnson@example.org
133,Christopher,Sullivan,wallaceriley@example.org
134,John,King,anthony15@example.com
135,Virginia,Riggs,emilysmith@example.org
136,Lauren,Casey,ymorris@example.net
137,Donald,Hernandez,alvaradobrent@example.org
138,Crystal,Flores,lynnsarah@example.org
139,Angela,Adams,nwilliams@example.net
140,Peter,Moore,stephanie03@example.net
141,Michael,Mcguire,keith82@example.org
142,Brenda,Rivera,wsolis@example.net
143,Jacqueline,Moore,allenwilliams@example.net
144,Steven,Burgess,johnsonrebekah@example.net
145,Thomas,Smith,igreer@example.org
146,Melissa,Lowery,pdecker@example.net
147,Cindy,Pena,mary00@example.net
148,Stephanie,Jones,andersonlaura@example.com
149,Victoria,Thomas,ericasmith@example.com
150,Peter,Wright,david29@example.com
151,Brenda,Reed,qhayes@example.net
152,Juan,Medina,wilsonedward@example.org
153,Sara,Hernandez,marc85@example.org
154,Frederick,Davis,michaeldouglas@example.com
155,Beth,Sanchez,lutzlaura@example.org
156,Denise,Mooney,kristen21@example.net
157,Dawn,Lee,cheyenne16@example.com
158,Zachary,Guzman,hillrobert@example.com
159,Sharon,Hull,robertshoward@example.org
160,Christopher,West,wrightfrank@example.org
161,Edwin,Myers,timothyadams@example.net
162,Oscar,Powell,eugene01@example.org
163,Todd,Williams,shannonjennifer@example.com
164,Jose,Williams,jennifer56@example.org
165,Teresa,Miller,iodonnell@example.com
166,Katrina,West,kaylaobrien@example.com
167,Molly,Keith,smithtracey@example.org
168,Calvin,Oneill,morrowchad@example.com
169,Justin,Hickman,charlesmorgan@example.com
170,Erin,Norris,josephsmith@example.net
171,Erin,Odom,reevesdavid@example.net
172,Kathleen,Zhang,daniel59@example.org
173,Christian,Murphy,marthabanks@example.org
174,Jennifer,Ware,tommycunningham@example.com
175,Amy,Jackson,ibarrajose@example.net
176,Hannah,Mendoza,jacobmercer@example.org
177,Kevin,Huynh,webbcolleen@example.com
178,Ashley,Knight,steven63@example.net
179,Brandon,Mcclure,ginaryan@example.com
180,Benjamin,Glover,nphillips@example.org
181,Michele,Garcia,wparker@example.org
182,Jeremy,Hicks,kayla03@example.org
183,Michael,Smith,gjohnston@example.com
184,David,Davenport,hrobinson@example.net
185,Alexandria,Hughes,duartefrank@example.net
186,Benjamin,Simmons,starkwilliam@example.org
187,Tanya,Hill,louisknight@example.com
188,Sheila,Williams,catherinesaunders@example.com
189,Lindsay,Li,jennifer93@example.com
190,Edward,Garcia,robert20@example.net
191,Kevin,Greene,carolnichols@example.org
192,John,Morrison,michellecervantes@example.net
193,Katrina,Brown,emilyflynn@example.com
194,Michael,Taylor,judyanderson@example.org
195,Michael,Sanchez,jeremyscott@example.com
196,Dominique,Jones,laura92@example.com
197,Christopher,Mcdonald,lewisjohn@example.net
198,Joseph,Morales,davidmartin@example.net
199,Jennifer,Watson,michaelcohen@example.com
200,Martha,Schmitt,wallaceandrew@example.com
